{"base_spec":"/pa/units/sea/base_ship/base_ship.json","display_name":"Leviathan","description":"Battleship- Long range advanced anti-ship, and anti-land guns.","max_health":8000,"build_metal_cost":4800,"spawn_layers":"WL_WaterSurface","mesh_bounds":[17,80,23],"unit_types":["UNITTYPE_Naval","UNITTYPE_Mobile","UNITTYPE_Offense","UNITTYPE_Artillery","UNITTYPE_Advanced","UNITTYPE_FactoryBuild"],"guard_radius":270,"guard_layer":"WL_LandHorizontal","navigation":{"type":"deepwater","acceleration":60,"brake":60,"move_speed":6,"turn_speed":45},"physics":{"radius":12,"shape":"box","push_class":2},"recon":{"observer":{"items":[{"layer":"surface_and_air","channel":"sight","shape":"capsule","radius":200}]}},"model":{"filename":"/pa/units/sea/battleship/battleship.papa","animtree":"/pa/anim/anim_trees/battleship_anim_tree.json","arrows":5},"nearby_target_tick_update_interval":15,"tools":[{"spec_id":"/pa/units/sea/battleship/battleship_tool_weapon.json","aim_bone":"bone_pitch01","record_index":0,"fire_event":"fired0","muzzle_bone":["socket_muzzle01"]},{"spec_id":"/pa/units/sea/battleship/battleship_tool_weapon.json","aim_bone":"bone_pitch01","record_index":0,"fire_event":"fired0","muzzle_bone":["socket_muzzle02"]},{"spec_id":"/pa/units/sea/battleship/battleship_tool_weapon.json","aim_bone":"bone_pitch01","record_index":0,"fire_event":"fired0","muzzle_bone":["socket_muzzle03"]},{"spec_id":"/pa/units/sea/battleship/battleship_tool_weapon.json","aim_bone":"bone_pitch02","record_index":1,"fire_event":"fired1","muzzle_bone":["socket_muzzle04"]},{"spec_id":"/pa/units/sea/battleship/battleship_tool_weapon.json","aim_bone":"bone_pitch02","record_index":1,"fire_event":"fired1","muzzle_bone":["socket_muzzle05"]},{"spec_id":"/pa/units/sea/battleship/battleship_tool_weapon.json","aim_bone":"bone_pitch02","record_index":1,"fire_event":"fired1","muzzle_bone":["socket_muzzle06"]},{"spec_id":"/pa/units/sea/battleship/battleship_tool_weapon.json","aim_bone":"bone_pitch03","record_index":2,"fire_event":"fired2","muzzle_bone":["socket_muzzle07"]},{"spec_id":"/pa/units/sea/battleship/battleship_tool_weapon.json","aim_bone":"bone_pitch03","record_index":2,"fire_event":"fired2","muzzle_bone":["socket_muzzle08"]},{"spec_id":"/pa/units/sea/battleship/battleship_tool_weapon.json","aim_bone":"bone_pitch03","record_index":2,"fire_event":"fired2","muzzle_bone":["socket_muzzle09"]},{"spec_id":"/pa/units/sea/battleship/battleship_tool_weapon.json","aim_bone":"bone_pitch04","record_index":3,"fire_event":"fired3","muzzle_bone":["socket_muzzle10"]},{"spec_id":"/pa/units/sea/battleship/battleship_tool_weapon.json","aim_bone":"bone_pitch04","record_index":3,"fire_event":"fired3","muzzle_bone":["socket_muzzle11"]},{"spec_id":"/pa/units/sea/battleship/battleship_tool_weapon.json","aim_bone":"bone_pitch04","record_index":3,"fire_event":"fired3","muzzle_bone":["socket_muzzle12"]}],"events":{"build_complete":{"audio_cue":"/SE/Build_Complete/sea"},"fired1":{"audio_cue":"/SE/Weapons/sea/T2_battleship_fire"},"fired2":{"audio_cue":"/SE/Weapons/sea/T2_battleship_fire"},"fired3":{"audio_cue":"/SE/Weapons/sea/T2_battleship_fire"},"died":{"audio_cue":"/SE/Death/Sea_large"}},"audio":{"loops":{"move":{"cue":"/SE/Movement/sea/T2_battleship_loop","flag":"vel_changed","should_start_func":"is_moving","should_stop_func":"is_not_moving"}},"selection_response":{"cue":"/SE/Selection/sea/sea_large"}},"TEMP_texelinfo":47.2606}