{"base_spec":"/pa/units/sea/base_ship/base_ship.json","display_name":"Stingray","description":"Artillery ship- Long range advanced guided missiles.","max_health":2000,"build_metal_cost":3200,"spawn_layers":"WL_WaterSurface","mesh_bounds":[10,50,12],"unit_types":["UNITTYPE_Naval","UNITTYPE_Mobile","UNITTYPE_Offense","UNITTYPE_Advanced","UNITTYPE_Tactical","UNITTYPE_FactoryBuild"],"physics":{"radius":12,"push_class":2},"guard_radius":460,"guard_layer":"WL_AnySurface","navigation":{"type":"deepwater","acceleration":60,"brake":60,"move_speed":6,"turn_speed":45},"recon":{"observer":{"items":[{"layer":"surface_and_air","channel":"sight","shape":"capsule","radius":200}]}},"model":{"filename":"/pa/units/sea/missile_ship/missile_ship.papa","animations":{"idle":"/pa/units/sea/missile_ship/missile_ship_anim_idle.papa","start":"/pa/units/sea/missile_ship/missile_ship_anim_start.papa","end":"/pa/units/sea/missile_ship/missile_ship_anim_end.papa"},"animtree":"/pa/anim/anim_trees/missile_ship_anim_tree.json"},"nearby_target_tick_update_interval":20,"tools":[{"spec_id":"/pa/units/sea/missile_ship/missile_ship_tool_weapon.json","aim_bone":"socket_missile_muzzle01","muzzle_bone":["socket_missile_muzzle01","socket_missile_muzzle02"]},{"spec_id":"/pa/units/sea/missile_ship/missile_ship_aa_tool_weapon.json","aim_bone":"socket_missile_muzzle03","muzzle_bone":["socket_missile_muzzle03","socket_missile_muzzle04"]}],"events":{"build_complete":{"audio_cue":"/SE/Build_Complete/sea"},"fired":{"audio_cue":"/SE/Weapons/sea/T2_missile_ship_fire"},"died":{"audio_cue":"/SE/Death/Sea"}},"audio":{"loops":{"move":{"cue":"/SE/Movement/sea/T2_missile_ship_loop","flag":"vel_changed","should_start_func":"is_moving","should_stop_func":"is_not_moving"}},"selection_response":{"cue":"/SE/Selection/sea/sea_large"}},"TEMP_texelinfo":30.5603}