{"base_spec":"/pa/units/orbital/base_orbital/base_orbital.json","display_name":"ARKYD","description":"Basic radar satellite- Detects a large area for enemy land, sea, and air units.","max_health":2000,"build_metal_cost":800,"gravwell_velocity_multiplier":6.0,"attachable":{"offsets":{"root":[0,0,0]}},"consumption":{"energy":300},"energy_efficiency_requirement":0.9,"unit_types":["UNITTYPE_Mobile","UNITTYPE_Orbital","UNITTYPE_Basic","UNITTYPE_Recon","UNITTYPE_FactoryBuild"],"command_caps":["ORDER_Move","ORDER_Patrol","ORDER_Assist"],"navigation":{"type":"orbital","acceleration":15,"brake":15,"move_speed":15,"turn_speed":90,"hover_time":-1.0},"physics":{"radius":5,"push_class":50,"gravity_scalar":0.001},"recon":{"observer":{"items":[{"layer":"surface_and_air","channel":"radar","shape":"capsule","radius":600,"uses_energy":true},{"layer":"surface_and_air","channel":"sight","shape":"capsule","radius":300,"uses_energy":true},{"layer":"orbital","channel":"radar","shape":"capsule","radius":600,"uses_energy":true},{"layer":"orbital","channel":"sight","shape":"capsule","radius":100,"uses_energy":true}]}},"model":{"filename":"/pa/units/orbital/radar_satellite/radar_satellite.papa","animations":{"open":"/pa/units/orbital/radar_satellite/radar_satellite_anim_open.papa","deploy":"/pa/units/orbital/radar_satellite/radar_satellite_anim_deploy.papa","closed":"/pa/units/orbital/radar_satellite/radar_satellite_anim_closed.papa"},"animtree":"/pa/anim/anim_trees/satellite_launched_anim_tree.json"},"events":{"build_complete":{"audio_cue":"/SE/Build_Complete/radar"},"fired":{"audio_cue":"/SE/Weapons/air/bomber_fire"},"died":{"audio_cue":"/SE/Death/radar","effect_spec":"/pa/effects/specs/default_explosion.pfx"}},"audio":{"selection_response":{"cue":"/SE/Selection/orbital/radar"}},"mesh_bounds":[20,20,15],"TEMP_texelinfo":10.6806}